0.03987,0.13316,0.00072,-0.03695,-0.02138,-0.07216,0.23297,-0.12950,-0.07805,0.01913,0.05762,-0.01852,0.14042,0.00371,-0.05926,0.18753,0.07048,-0.03361,-0.07855,-0.04815,-0.05315,0.00680,-0.00846,-0.01413,-0.03164,-0.16920,0.00873,0.17871,0.05415,-0.12614,-0.10037,0.03034,0.13863,-0.03003,-0.06332,-0.14950,-0.04017,0.18813,-0.02894,-0.00402,0.04011,-0.19451,-0.04117,0.01955,-0.09388,-0.08256,0.25327,-0.10795,0.03819,0.14529
0.11232,0.01128,-0.04959,0.01639,0.17323,0.12198,-0.00886,-0.07011,0.18054,0.04664,0.01846,0.09193,-0.04026,-0.03272,0.06480,-0.06268,-0.00815,-0.12813,0.08719,0.07786,-0.08499,-0.04076,0.08316,0.00884,0.05846,0.14493,-0.07054,-0.03879,0.00195,0.04118,-0.06482,0.11130,0.06095,0.15834,0.11370,0.08040,0.06697,0.04499,-0.02756,0.18562,0.06149,-0.06504,0.11211,0.13360,-0.10689,0.01743,-0.03392,0.19746,0.14205,-0.01221
-0.10044,-0.16693,0.02691,-0.17553,0.02535,-0.14164,0.08930,-0.04488,-0.04793,-0.11941,0.24481,0.07959,0.02638,-0.01735,-0.01625,0.15537,0.12166,0.05063,-0.13933,-0.10263,0.04021,0.06525,0.14732,-0.03349,0.05340,0.13160,0.10517,-0.11236,-0.06074,0.21397,0.02463,0.22364,-0.06893,-0.09078,0.00069,-0.19622,0.06493,-0.04030,-0.13888,-0.11207,-0.18782,0.01239,0.09965,-0.03682,-0.01801,0.05849,-0.17128,-0.03290,0.06115,-0.04712
0.05054,0.07032,-0.04157,-0.03249,0.14449,-0.06779,-0.08242,-0.04401,0.11124,0.08703,0.00877,0.13315,-0.04608,-0.02079,-0.09371,-0.00811,-0.11869,-0.08817,0.04508,0.08502,-0.00259,0.11337,-0.04209,-0.08327,0.03466,-0.12661,-0.01578,0.07401,-0.11248,-0.03230,-0.10818,0.04943,-0.02861,0.13572,0.08822,0.06388,-0.03297,0.05692,0.05363,0.17119,-0.04209,-0.06841,0.11453,0.20647,-0.10634,0.20082,-0.06004,0.04228,0.22471,-0.01561
-0.03394,-0.15999,0.14562,0.12556,0.10414,-0.16172,-0.01483,-0.25435,0.09347,0.04564,0.02497,0.02939,0.05957,-0.10236,-0.06785,0.09912,0.03025,-0.07743,0.08422,0.11978,0.20467,-0.01991,-0.01945,-0.07467,0.00327,-0.05424,0.02209,0.06483,-0.14945,-0.18753,0.04592,0.06605,-0.07392,0.11024,0.04855,-0.10578,-0.07807,-0.05404,0.11612,-0.16133,0.01462,0.03599,0.13273,0.23916,0.07256,-0.02568,0.09058,-0.04607,0.16917,0.08828
0.00593,0.19140,0.19270,-0.00239,0.05185,0.11179,0.02563,0.04201,0.07524,0.02089,-0.17051,-0.07660,0.09485,-0.06069,0.06303,-0.04192,-0.03347,0.09669,0.06200,-0.24598,-0.13372,-0.05968,-0.19905,0.03815,0.02829,-0.16719,-0.12508,0.05818,0.13031,-0.07036,-0.00153,0.09560,0.15364,0.08815,0.10433,0.23668,-0.04483,0.18846,0.17826,0.14445,0.04920,-0.04132,0.07572,-0.00871,-0.04882,0.06886,0.06791,0.09420,-0.00409,0.01221
-0.15997,0.13118,-0.16914,-0.07780,0.19309,0.11506,0.07623,-0.19022,0.11692,-0.10527,-0.04325,-0.06174,0.08926,-0.01047,-0.04406,0.01634,0.22142,-0.18370,0.03829,0.06310,-0.11425,0.09945,-0.00884,0.06578,0.13829,-0.07608,-0.18102,0.08455,-0.14998,-0.02076,-0.07863,-0.01082,-0.01206,-0.00400,-0.19364,-0.12224,0.15319,0.23700,-0.19784,-0.04271,0.05898,-0.17843,-0.07248,0.15800,-0.14480,0.07028,0.21983,0.00912,-0.03529,0.13178
0.09363,0.10820,-0.07941,0.12133,-0.03390,0.11341,-0.22040,0.01629,-0.13962,-0.01491,0.02146,0.01091,0.06316,-0.19787,-0.08606,-0.05502,-0.08045,0.04274,-0.06938,-0.10368,-0.14715,-0.03808,0.01593,0.00605,-0.26937,0.06643,-0.35384,-0.02344,0.10559,0.08751,0.01070,-0.07925,0.12658,0.03642,0.14463,-0.10175,0.10162,0.22634,0.05427,-0.17514,0.04930,0.02078,-0.04672,-0.08109,-0.02821,0.01960,0.04301,0.01394,-0.01250,0.14274
-0.06776,-0.16447,0.10502,0.03342,-0.04417,-0.03490,-0.04694,-0.13126,-0.07155,0.03102,-0.09336,0.00910,-0.04346,0.05576,0.03507,0.04638,-0.02260,-0.03053,-0.13174,-0.09294,-0.02581,0.02850,-0.09363,-0.05309,-0.04654,0.00264,0.10459,-0.02149,-0.09966,0.01976,0.03194,-0.03031,0.10499,0.07385,0.10465,0.03116,-0.11188,0.03156,0.10986,-0.20496,-0.02887,0.10469,-0.05929,0.06942,0.07977,-0.04621,-0.13956,-0.02674,0.17680,-0.01007
-0.02669,-0.01752,-0.05866,0.07291,0.04871,0.18965,-0.17280,0.07392,0.02142,-0.09473,-0.01348,0.12586,0.07121,-0.04408,0.00052,-0.18604,-0.20841,0.00587,0.13350,-0.15600,-0.24229,0.01600,-0.03108,-0.01803,-0.01657,-0.05692,-0.20922,-0.00907,-0.05118,0.01466,0.07068,0.02740,0.03524,0.04709,0.01009,0.13197,-0.07474,0.02522,-0.01129,-0.10433,0.15652,0.03968,0.18179,0.13516,-0.00299,0.25191,0.01957,-0.05882,0.08234,0.19338
0.04101,-0.01613,0.08168,0.05045,-0.06731,-0.01189,0.00401,0.07671,0.04227,-0.05354,0.13439,-0.00660,0.03880,-0.08950,-0.03674,0.06590,-0.17208,-0.11066,0.06453,0.11677,0.25255,-0.12902,0.00614,-0.17576,0.08502,-0.14423,-0.05323,0.00009,0.11713,-0.03799,0.06134,0.16412,0.07525,0.10908,-0.02701,-0.00727,0.14347,-0.14524,0.05159,0.02560,-0.06705,-0.03073,-0.02492,-0.12394,-0.02591,0.00998,-0.09652,0.02671,-0.00126,-0.07347
0.22974,-0.11846,0.12703,0.15896,0.00788,-0.04468,-0.17244,0.00792,0.04475,-0.00189,0.06140,0.15065,-0.04497,-0.21396,-0.12206,-0.06854,-0.20978,-0.02805,-0.00904,0.02271,0.13293,-0.09952,0.03716,-0.03300,0.04270,-0.11091,-0.08452,0.14763,0.09299,0.21767,0.24633,-0.01951,0.05850,-0.04547,-0.01707,-0.05637,-0.00988,-0.11574,0.06320,-0.01608,0.04369,0.37032,0.00403,-0.12240,0.03240,-0.18984,-0.14346,-0.05512,-0.06496,-0.15550
0.02700,0.24945,0.05869,-0.03143,-0.13253,0.08133,0.11698,0.07952,0.21345,0.03734,0.08011,0.08307,0.11582,0.01109,-0.11187,0.03718,0.05182,0.10910,0.17219,0.08386,-0.07525,0.13094,0.06804,0.21191,0.04319,0.00999,0.01434,0.12371,0.07168,-0.07679,0.03455,0.26074,-0.10784,0.03326,-0.05898,0.01475,-0.09752,0.05214,0.06017,0.13144,-0.01351,-0.15072,0.05269,0.01084,-0.01114,0.09642,0.06123,0.04989,-0.04186,0.04719
-0.05648,-0.07097,0.07252,-0.11595,-0.14928,0.05916,0.08058,-0.05046,-0.09539,0.12044,-0.01826,-0.00714,-0.06885,0.07138,0.05625,-0.01361,0.04080,-0.08117,-0.15655,0.05671,0.04501,0.00548,0.15665,-0.12054,-0.08177,-0.08771,0.05757,0.10173,-0.02766,0.09618,-0.11253,0.03708,-0.07316,0.08674,-0.16286,0.17522,0.07596,-0.03675,-0.10614,-0.24395,-0.04981,-0.09588,0.01248,-0.15706,0.00003,-0.17849,-0.08580,-0.04185,-0.06423,-0.03161
0.12189,-0.09628,0.07584,0.06206,-0.09360,0.03497,0.11221,0.07587,0.02431,0.15457,0.00011,-0.08551,0.10252,0.05683,0.01329,0.17867,0.01997,0.06024,0.12612,-0.12759,0.00504,-0.02756,-0.10767,0.12918,0.05792,0.01806,-0.06751,-0.13488,0.09921,-0.06945,0.05978,0.10987,-0.01819,0.00439,-0.15761,-0.15207,0.07664,0.03251,0.01959,0.09526,-0.06178,-0.15077,0.01214,-0.06604,0.07913,0.02480,-0.01021,0.12105,-0.15009,0.08402
-0.09647,0.01287,0.07894,0.13496,-0.03474,0.05321,-0.03534,0.01205,-0.01624,-0.14195,0.03712,-0.00649,0.11244,-0.05479,-0.15756,-0.07382,-0.01070,-0.10482,0.03115,-0.13616,0.07846,-0.03541,-0.21518,-0.06827,-0.09781,-0.16149,-0.25280,0.09669,0.06795,0.07685,0.04219,-0.05433,0.11188,0.09041,0.00949,0.00549,0.08592,0.14579,0.06817,-0.15546,0.10045,0.11263,-0.15089,-0.04279,0.01711,0.01196,-0.03152,0.06175,0.20738,-0.08274
0.03413,0.03776,-0.04723,0.00937,0.05989,0.10614,0.08958,-0.02105,0.15127,-0.11104,0.07112,-0.00092,0.06482,0.08076,0.02187,-0.00075,-0.09560,0.06165,0.08997,0.04290,-0.20525,0.06051,-0.02017,0.11804,0.02402,0.08590,-0.17719,-0.11871,-0.01141,-0.24748,-0.17605,0.06487,0.02229,-0.01096,0.13201,-0.09386,0.05850,-0.05363,-0.00540,0.20152,0.02127,-0.21521,0.16317,0.16149,-0.07487,0.21781,0.19145,0.08647,-0.08296,0.13635
-0.10048,0.02698,-0.01726,0.03565,0.10460,-0.02773,-0.20573,-0.04206,0.16098,0.00035,0.05471,-0.08413,-0.03668,-0.16012,0.05279,0.04037,-0.00551,-0.11107,0.09305,-0.03260,0.19068,0.03521,0.06990,0.12215,-0.11810,0.16184,0.02807,-0.09558,-0.14430,0.24467,0.06716,0.11766,-0.08610,-0.05905,-0.07626,-0.05669,-0.11387,-0.15647,0.00623,0.03274,0.04298,0.03016,0.09424,-0.03240,0.07193,0.13835,-0.16521,-0.01127,0.02103,0.01556
0.07971,-0.21562,-0.02413,0.06660,0.10671,-0.27126,-0.12795,-0.06351,0.09079,0.00667,-0.17617,0.05341,-0.09960,-0.10477,0.12893,0.16714,-0.15813,-0.12133,-0.11199,-0.08513,-0.09983,0.04300,0.11987,0.05240,0.14053,0.04782,0.06775,-0.01004,-0.06876,0.21068,0.10884,-0.02149,0.08170,0.03846,0.00501,0.05714,-0.16232,-0.07208,0.11391,-0.20755,-0.00891,0.18273,0.09413,0.08317,-0.03080,-0.17877,-0.12123,0.00051,-0.10451,0.13740
-0.05119,-0.08030,-0.18563,0.05973,0.01280,-0.01264,-0.21724,-0.13255,-0.06453,0.02011,0.05700,0.07151,0.00713,-0.04865,-0.02980,0.06312,-0.04145,0.02399,-0.06190,0.02059,-0.01626,0.07971,0.05593,-0.05260,-0.08438,0.16644,-0.10967,0.02386,-0.05627,0.20126,0.12210,0.01902,0.11192,0.10045,0.09256,-0.07837,0.03610,0.15128,-0.03038,-0.12381,-0.05522,0.17756,-0.05757,0.05248,-0.03866,0.04583,-0.01173,-0.01598,0.12523,0.10735
-0.22344,-0.07560,0.15927,-0.10468,0.00584,-0.06979,0.05666,-0.12993,0.00132,-0.07942,0.02214,-0.15324,-0.27779,0.12476,-0.11716,0.19666,0.00751,-0.18685,-0.05726,0.17220,-0.08740,0.07358,0.15417,-0.14380,-0.21895,-0.11991,0.00167,0.03226,-0.27381,-0.07009,-0.21417,0.00775,-0.24077,-0.09046,-0.00944,0.17605,0.00723,-0.28792,-0.20243,-0.20240,-0.00528,-0.22358,0.01499,0.15435,0.10314,0.01205,0.01036,0.02362,-0.04789,0.14787
0.08586,0.13337,0.29422,-0.15491,-0.27003,0.09319,0.25678,0.08708,-0.02132,-0.07275,0.13374,-0.13319,-0.14485,0.15653,-0.02370,0.03817,-0.12103,-0.06073,-0.00482,-0.14933,0.04448,-0.21594,-0.04597,0.04897,-0.11641,-0.33690,-0.06752,0.00264,0.10320,-0.14621,-0.22411,0.02583,0.03060,0.00136,0.03665,0.05958,0.01354,-0.06339,-0.10364,0.09521,0.19741,-0.16733,0.13777,-0.10658,0.05559,0.06071,0.05022,0.01859,0.00583,-0.09568
0.09014,-0.06212,0.16828,0.07025,-0.13427,-0.00272,-0.12055,0.05956,-0.03436,0.11666,-0.09639,0.06889,0.04168,-0.09121,0.10127,-0.01802,-0.19778,0.00932,-0.09613,-0.10814,0.10785,-0.07010,-0.10438,-0.12744,-0.04233,-0.10072,-0.09085,0.09125,0.15502,0.10029,-0.00657,0.04878,0.06530,0.31310,-0.16633,0.10903,-0.00863,-0.08627,0.10215,-0.18017,0.04526,0.26713,-0.00258,-0.28590,-0.02146,-0.16783,-0.15158,0.01793,0.09737,-0.12039
0.24271,-0.23952,-0.06938,0.01412,0.10750,-0.08285,0.13143,-0.09588,-0.13093,0.08142,0.12106,-0.04062,0.08940,-0.04770,-0.04496,-0.07852,0.06436,-0.04777,-0.05234,0.05345,0.04577,0.01575,0.06085,0.17133,0.09859,0.16323,0.04297,0.06586,-0.06893,0.14689,0.08286,0.06790,-0.05546,-0.22397,0.03415,-0.07271,-0.05125,-0.04806,0.01241,-0.04095,-0.08611,0.08512,-0.04067,0.17049,-0.10334,-0.03330,-0.13510,-0.04743,-0.11757,-0.06685
-0.01539,-0.11431,0.13272,-0.00376,-0.00353,0.01779,0.00580,0.01171,0.06557,-0.11838,-0.07009,0.04610,-0.07904,-0.07092,-0.10831,-0.07430,-0.04400,-0.12754,-0.02940,0.06236,-0.05459,0.03024,-0.15094,0.10040,-0.08262,0.13245,-0.00472,-0.09590,0.01111,0.03908,-0.09931,-0.01812,-0.08482,-0.15701,-0.12007,-0.13415,0.02624,-0.16011,0.02661,-0.01310,-0.22774,-0.00914,-0.05782,0.14948,0.08975,0.02265,-0.16781,0.14590,-0.03465,-0.12338
-0.04506,0.15687,0.11990,0.19508,-0.00165,-0.08752,-0.18894,0.31794,0.01614,0.12656,-0.22332,-0.01676,-0.08923,-0.16777,-0.02262,0.13290,-0.06938,0.05217,0.12684,-0.16068,0.24011,-0.14706,-0.00470,-0.05518,0.10429,-0.24163,0.12759,0.01052,0.15796,0.01586,0.33487,0.00815,-0.03087,0.10892,-0.03004,-0.00593,-0.15555,-0.08414,0.18640,0.15763,0.14735,0.07710,0.12093,-0.22340,0.01145,-0.20820,-0.22342,0.03490,-0.06315,0.04699
0.13316,-0.03809,0.14881,-0.00736,-0.02029,0.05661,0.09065,0.02137,0.05326,-0.06897,0.10423,0.07385,0.07496,-0.09741,0.12858,0.02418,-0.07337,-0.09340,-0.16747,0.12839,0.19132,-0.17891,0.05883,0.02266,0.11081,-0.11117,0.08547,0.08323,0.05373,-0.11384,-0.08438,0.12934,-0.00844,0.00962,-0.06929,0.08107,0.00381,-0.26528,-0.01463,-0.03146,-0.04168,-0.02168,-0.00463,-0.01645,0.04300,-0.22091,-0.00317,-0.06244,-0.03994,-0.21377
0.14954,0.14061,0.07593,0.17480,0.02739,-0.01678,-0.04553,0.10427,0.00361,0.11512,0.08343,0.02830,0.18612,-0.32287,-0.00215,0.14956,0.01137,0.06159,0.06474,-0.15219,0.09633,-0.10448,0.06787,0.06432,-0.00609,0.00192,-0.02707,0.16886,0.17305,0.06026,0.27164,0.26458,-0.02341,0.13268,0.09604,0.02618,-0.07783,0.02839,0.14716,0.21095,0.11907,0.08938,0.07803,-0.16938,-0.06602,-0.19471,-0.03436,0.00886,-0.02897,0.02508
0.00015,-0.08027,0.09095,-0.01115,0.01355,-0.09410,0.10809,0.12050,0.01216,0.08248,-0.06271,-0.10679,0.09856,0.07843,-0.03347,0.06791,0.01504,0.00314,-0.08584,-0.04049,0.16601,0.01589,-0.04481,-0.06570,0.01402,0.07596,0.16562,-0.07613,-0.05020,0.04066,-0.09578,-0.05774,-0.14217,-0.03769,-0.07501,0.03182,-0.08167,-0.27290,-0.02798,-0.05422,-0.07533,-0.09646,0.01680,0.02046,0.06656,-0.11114,-0.14282,-0.01815,-0.05947,-0.12073
0.13380,-0.01828,0.09720,-0.02123,-0.03343,-0.01251,-0.06762,0.09624,0.01680,-0.00080,0.01744,0.14404,-0.02048,-0.06945,0.11397,0.07862,-0.21104,-0.04751,-0.07892,-0.08102,0.06640,-0.06133,0.01486,0.02909,0.06053,-0.03512,0.10174,-0.01431,0.11206,0.03271,-0.02422,0.02176,0.08963,-0.12373,-0.13782,0.12524,-0.06350,-0.14002,0.09724,-0.07575,-0.16812,-0.02379,0.03962,-0.02896,0.13790,0.00154,-0.15882,0.00244,-0.11715,-0.06835
0.08567,0.07419,-0.10743,0.05024,0.06459,0.01102,-0.09358,-0.16014,-0.07519,0.01524,0.09956,0.08599,0.05909,0.07918,0.04113,0.07328,-0.06948,0.13382,-0.11222,0.04608,-0.04542,0.23433,-0.04726,0.00639,-0.05515,0.12485,-0.11620,0.03725,0.00543,0.16214,0.03079,0.09146,0.16259,-0.09914,-0.02583,-0.16200,0.21686,0.03660,0.08095,0.06140,-0.01565,0.05671,-0.08704,-0.01503,-0.08569,0.02452,0.00192,0.10401,-0.01928,0.09850
0.09258,0.08829,0.00282,-0.09533,0.04450,-0.13683,0.16683,-0.07148,-0.02698,-0.07567,0.03843,0.07934,0.06745,0.06331,-0.11135,0.07332,0.01978,0.09267,-0.07084,-0.00967,-0.15221,0.19678,-0.02377,-0.02896,-0.02328,0.04051,0.10758,0.02248,-0.12322,-0.01972,-0.14878,0.04787,-0.15771,-0.02905,0.13656,-0.10455,0.02547,-0.04242,-0.01441,0.11352,-0.06153,0.00809,0.06419,0.12092,-0.02379,0.12029,-0.00668,-0.04706,0.03592,0.01074
-0.09195,0.01253,-0.14391,-0.07102,0.04045,-0.10993,0.04955,-0.08176,-0.22312,0.06188,0.01982,0.01863,0.05115,0.24901,-0.00277,0.17523,0.00268,0.05253,-0.01639,0.10872,-0.01147,0.22150,0.13548,-0.05201,-0.03318,0.14294,-0.08502,0.05172,-0.25280,0.05378,-0.10853,0.10653,0.01165,-0.03453,0.16006,0.00789,0.11607,-0.17935,0.01885,-0.06930,-0.03053,-0.13449,0.18166,0.05011,-0.00022,0.09409,0.14541,-0.08887,-0.01545,0.21799
0.09392,-0.01720,0.06353,0.05351,-0.10654,-0.01136,0.01435,0.18953,-0.02771,0.09803,-0.13334,-0.00184,-0.05668,-0.09310,-0.07583,0.04179,-0.02067,-0.01064,0.10830,-0.07475,-0.07663,0.00056,-0.01056,-0.06795,-0.03455,-0.02600,-0.04995,0.14512,0.05476,0.08443,0.06155,-0.08241,-0.25646,0.01764,-0.06771,0.28204,-0.00901,-0.18792,-0.09761,0.08221,0.03195,-0.12855,0.17518,-0.02219,-0.07368,-0.20398,-0.00593,-0.01409,-0.25016,0.11518
-0.14671,0.00991,-0.00048,0.07805,0.09032,0.14394,-0.20726,0.10082,-0.02006,-0.00408,-0.11564,0.08095,0.00561,-0.18450,-0.04085,0.00047,0.08965,0.08413,-0.09901,-0.04177,-0.05270,0.00553,0.04783,-0.11663,0.02253,0.01011,-0.20195,0.05745,-0.02920,0.15850,0.07955,0.04720,0.08478,0.01186,-0.02992,0.09499,0.13329,0.08818,-0.05627,-0.08679,0.01817,0.00417,0.07084,-0.11792,-0.13649,-0.11849,0.01443,0.09905,-0.03826,-0.02339
-0.13057,-0.00874,-0.04982,0.11599,-0.00628,0.05105,0.16398,-0.00295,-0.23881,0.01350,-0.16547,0.15285,-0.11530,0.17654,-0.04071,-0.10477,-0.00956,-0.08871,-0.06242,0.05959,-0.14362,0.19805,0.01636,-0.00688,0.03761,-0.02784,0.20302,0.21334,-0.04567,0.00740,0.06662,0.04962,0.11205,-0.14156,0.01683,-0.05790,0.07695,-0.00859,0.15161,-0.18971,-0.03297,0.18374,-0.09617,0.10195,0.00262,-0.06993,-0.10265,0.03144,-0.08836,0.12783
0.09424,-0.08804,0.11125,0.20589,-0.07038,0.06536,0.01527,-0.01544,-0.13295,-0.06207,0.02352,0.08236,0.11609,-0.01328,0.02488,-0.07749,-0.01381,0.02816,-0.04942,0.16242,0.00362,-0.05476,0.06342,-0.02942,-0.23946,0.13403,-0.02849,0.12742,0.01237,-0.08797,-0.01777,-0.02421,-0.20006,-0.00446,0.07585,0.03848,0.06868,-0.06935,0.03533,-0.18991,0.10943,0.20097,-0.09766,-0.03592,0.12758,-0.21692,0.04036,-0.00972,-0.06336,-0.06159
-0.05311,0.18921,0.05690,0.10005,0.09548,0.07576,-0.03087,0.29660,0.08171,0.05537,-0.08560,0.01392,0.02038,0.10816,0.01327,-0.04370,0.02024,0.08706,0.20286,-0.12736,0.20367,-0.02864,-0.15940,0.00564,0.13767,-0.15426,0.08046,-0.05946,0.08268,-0.19197,0.07343,-0.03515,-0.02800,0.11288,-0.03497,0.16486,-0.09473,-0.06037,0.19559,0.31358,0.19992,-0.08088,0.04262,-0.02959,0.16103,-0.03171,0.06180,0.06942,0.02630,-0.08950
0.07982,0.04742,0.03103,-0.20939,-0.00147,-0.14068,0.13831,-0.01079,-0.07540,0.00004,0.14102,-0.10461,0.11686,0.08107,0.06588,0.10696,0.06776,0.00709,-0.05573,-0.00244,-0.08043,-0.01172,0.11932,-0.01089,0.01409,-0.07563,0.02537,0.03723,-0.07266,-0.08030,-0.12799,0.15508,-0.21073,0.03311,0.08779,0.15676,0.01916,-0.05901,-0.10843,0.07467,0.07148,0.02843,0.07041,-0.04585,0.07875,-0.01774,0.13744,-0.11269,0.01911,-0.08683
0.07925,-0.08660,0.17637,0.08345,-0.03838,-0.03050,-0.05236,-0.10168,0.11408,0.08070,0.00529,0.04674,0.05897,-0.04906,0.03732,0.14879,-0.14069,-0.06474,0.06659,-0.06213,0.07199,-0.03815,-0.17438,0.12211,-0.05443,-0.05550,-0.01693,-0.01511,0.09829,-0.02301,0.08739,0.08202,0.05679,0.15189,-0.07024,-0.22813,0.05104,0.08433,0.07933,0.08058,-0.04289,0.12677,-0.12110,0.02035,0.15296,-0.04607,-0.01605,0.00240,0.12846,-0.01470
-0.07033,-0.04180,-0.02376,0.01165,0.08447,-0.10098,-0.15939,0.04460,0.12384,-0.05380,-0.24637,0.03879,-0.14716,-0.05955,-0.05395,-0.02901,-0.08062,0.12929,0.03511,-0.04174,-0.07907,0.10580,-0.06700,0.02292,0.16711,-0.04637,-0.25702,0.03272,-0.05958,0.06825,0.10061,-0.12783,0.06723,0.08265,0.10234,0.03218,-0.08328,0.13779,0.11309,0.01846,-0.09405,0.05382,0.06652,0.00301,-0.26517,0.18941,-0.01891,0.12480,0.09163,0.04997
-0.15733,-0.06797,0.01607,0.02416,-0.12365,0.11138,-0.06788,-0.13643,-0.18160,-0.08131,0.05941,-0.01368,-0.09139,0.23740,-0.03572,0.01070,-0.10224,-0.10145,-0.10061,0.26700,-0.01834,0.08942,-0.05315,-0.17479,-0.20135,-0.15016,-0.16262,0.07017,-0.22311,-0.19078,-0.18620,0.05351,0.05081,-0.01739,0.13248,-0.06324,0.15254,0.03852,-0.07232,-0.10922,0.17590,-0.13520,0.22393,0.19658,-0.03214,0.19209,0.23226,0.03578,0.11485,0.05458
0.13096,-0.13376,0.09258,-0.11571,0.02829,-0.06971,0.01907,-0.08136,-0.11082,-0.10929,0.08160,0.15127,-0.04095,-0.00240,0.07247,0.03283,-0.15614,-0.09140,-0.21054,0.07835,0.03898,0.01691,0.11971,-0.11350,0.08551,-0.00902,0.18472,-0.13100,-0.09126,0.18458,-0.06674,0.19572,0.05210,-0.06920,-0.02286,-0.09445,-0.04225,-0.16564,-0.00330,-0.09902,-0.05571,0.10751,0.17918,0.04221,-0.03429,-0.06008,-0.16249,-0.12094,-0.00056,-0.10147
0.12813,-0.12042,0.03271,-0.17669,-0.06560,-0.01189,-0.09598,-0.17478,-0.02639,0.03094,-0.06603,0.10560,-0.01256,0.01944,0.07266,-0.09521,-0.13764,0.06883,-0.05853,0.17513,0.01573,0.01562,-0.05522,0.00629,0.06960,0.06697,-0.15221,-0.16758,-0.14184,0.02712,-0.12995,-0.11945,0.00487,0.12862,-0.13816,-0.03028,0.02476,-0.08961,-0.02650,-0.10515,-0.04383,0.01449,-0.03281,0.05786,-0.19901,0.06347,-0.04789,-0.06997,0.02734,-0.03777
-0.13802,-0.00223,0.12872,0.00611,0.08200,-0.00414,-0.12925,-0.01228,0.26149,-0.07751,0.00572,0.10226,-0.21768,-0.12393,0.01420,0.08009,0.07257,-0.09080,-0.02840,0.02025,-0.04893,0.12976,-0.02477,-0.00431,0.01370,0.10236,0.04357,-0.11630,-0.04978,0.02449,-0.07833,-0.05030,0.01272,0.08840,0.02674,0.04830,-0.05453,-0.17882,0.04244,-0.01762,0.05692,0.07893,-0.01880,-0.03409,0.01136,-0.22760,-0.09364,0.07859,0.15182,-0.02480
0.10520,-0.04414,-0.02530,-0.20243,-0.16250,0.02662,0.09613,-0.19256,-0.14067,-0.02330,0.14488,0.03301,0.02530,0.23172,0.06720,-0.00251,-0.11788,0.01210,-0.21607,0.11115,0.02745,0.14097,0.19201,0.04313,-0.12532,0.07571,-0.03326,0.15470,0.00971,0.07926,-0.19661,-0.09927,0.04817,-0.35669,-0.06999,0.02810,0.27665,-0.16262,-0.04018,-0.27902,-0.26288,-0.18802,-0.11776,-0.08537,0.12847,-0.07986,0.05349,-0.12652,-0.25162,-0.00086
-0.05026,-0.04307,0.04653,-0.03152,-0.06912,0.11455,0.12994,0.00094,0.05645,-0.04682,0.01392,0.09885,0.08670,0.09272,-0.10810,0.01779,0.09897,0.02854,0.20135,0.03148,-0.10415,0.05772,-0.06281,-0.18719,0.19619,-0.05975,0.00326,-0.14297,0.11673,-0.07759,0.11749,0.04131,-0.10068,0.02879,-0.14541,-0.02195,0.16101,0.23340,-0.10191,-0.08280,-0.06787,-0.00976,-0.01434,0.07769,0.10651,0.22613,0.04154,0.05579,-0.12493,0.01821
0.03377,0.14975,0.05431,0.17496,-0.12560,0.10635,0.13375,0.07704,0.16217,0.06544,-0.02108,-0.08784,0.07642,0.03452,0.03096,-0.10748,-0.08261,0.15298,0.06139,-0.01648,0.03935,0.07541,-0.12301,-0.03169,-0.04952,-0.00705,0.12743,-0.09462,-0.00279,-0.15804,0.03431,0.08776,-0.06771,0.08146,0.10132,-0.07584,-0.00975,-0.04928,0.16738,0.23817,0.12531,0.02289,-0.08699,-0.12169,-0.04760,0.16772,-0.01026,0.02826,-0.21047,-0.01265
-0.18669,-0.00210,-0.02286,-0.06922,-0.04582,0.17107,0.07596,-0.15668,-0.41687,-0.07060,-0.00033,-0.04242,-0.13348,0.31897,-0.02501,0.01128,-0.02761,-0.16555,-0.19459,0.18567,-0.08761,0.02321,0.03587,0.09576,-0.21248,-0.03930,-0.15076,0.18512,-0.22557,-0.02677,-0.18710,-0.07700,0.06686,-0.14056,-0.09822,0.13403,0.25166,-0.11611,-0.27346,-0.42051,-0.18428,-0.23204,-0.01685,0.09712,0.10820,-0.05255,0.18764,-0.04312,-0.07381,0.26933
0.00593,-0.18788,-0.04064,0.04400,0.18747,-0.08779,-0.08983,-0.19611,-0.06801,0.17935,-0.12413,-0.00507,-0.18251,0.01798,0.14185,0.08085,0.00781,-0.08605,-0.18525,-0.00422,0.16698,0.06342,0.03206,0.06173,0.07425,0.08260,0.19059,-0.06478,-0.18815,0.18540,0.10732,0.00756,0.13543,0.12112,-0.03279,-0.09607,-0.18385,-0.01324,0.14193,-0.02205,-0.12159,0.03183,-0.08809,0.06946,-0.01081,-0.07580,-0.17487,-0.01899,0.19471,0.03869
0.17769,0.05917,0.15758,0.09901,-0.01552,0.02651,-0.04046,-0.06722,0.02377,-0.06974,0.08451,0.10645,0.04370,-0.23815,-0.13569,-0.07997,-0.08776,-0.19932,-0.14743,0.13009,0.19279,-0.11892,-0.07959,0.03099,-0.01697,-0.05615,0.02489,0.03437,0.09947,0.05327,0.03449,-0.09139,0.13059,-0.16089,-0.09913,-0.22416,0.07154,0.02878,0.11161,-0.07279,-0.04330,0.00267,-0.03657,0.07589,-0.01933,-0.17770,-0.18422,0.09088,-0.09109,-0.13178
-0.18116,0.05942,-0.04963,-0.07369,0.22127,0.04891,0.00864,-0.07251,0.18397,-0.09753,-0.19268,-0.06544,-0.02016,0.19698,0.02134,-0.09176,0.07541,0.01581,0.21145,0.09227,-0.28876,0.08361,0.07784,0.18097,-0.00883,0.12828,-0.09798,-0.12502,-0.06151,-0.13336,-0.20852,-0.13587,-0.11963,-0.17235,-0.05827,-0.00256,-0.05025,0.03549,-0.10524,-0.20058,-0.05103,-0.05958,0.06159,0.23561,0.09179,0.24695,0.13246,0.09762,-0.18957,0.15491
-0.08624,0.03188,0.15317,-0.02508,0.00812,0.04893,-0.13198,0.09340,-0.00204,0.10309,0.11002,-0.01492,-0.14290,0.00910,-0.10594,0.17191,-0.09210,-0.09135,-0.02712,0.02920,0.17041,-0.07542,0.08223,-0.11936,-0.01911,-0.13934,-0.09780,-0.05031,0.00651,0.06516,0.01907,0.02437,0.04359,0.09917,-0.11427,0.05836,0.04263,-0.29233,-0.16860,-0.05426,0.01201,-0.13359,0.12398,-0.04676,0.00612,-0.21349,-0.16545,0.06649,0.07183,0.10524
-0.00033,0.07688,-0.10670,0.00064,0.26004,0.12620,0.01605,0.17827,0.02680,0.03541,-0.12439,0.12063,0.03331,0.09180,0.28025,-0.14992,0.03298,0.18621,0.05536,-0.01590,-0.09664,0.08111,0.14011,0.20196,0.22478,0.25723,0.28966,-0.13729,0.20654,-0.04490,0.07720,0.06979,0.05461,-0.23831,0.04272,0.08232,-0.05449,0.01408,0.08687,0.18206,-0.17887,0.15697,-0.04666,-0.01223,0.07594,0.07039,-0.06183,0.02960,-0.25092,-0.11362
-0.07468,-0.14531,0.09546,-0.15552,-0.30091,0.18798,0.19607,-0.06645,0.06889,-0.18502,0.25734,-0.03666,0.06503,0.27846,-0.04584,-0.16544,-0.11543,0.06477,0.03936,0.08362,0.08289,-0.00320,-0.16925,-0.06571,-0.08190,-0.14689,-0.05743,-0.14329,-0.00729,-0.29429,-0.24297,-0.02402,-0.06942,0.08060,-0.09304,0.06674,0.30614,-0.04433,-0.10523,-0.13313,-0.03447,-0.10576,-0.25470,-0.08478,0.09599,0.22430,0.02568,-0.00137,-0.08176,-0.13030
-0.01348,0.06833,-0.04289,-0.02773,0.01146,-0.00647,0.09618,0.09577,-0.02745,0.00979,0.01588,0.04224,-0.04461,0.20216,0.00440,-0.08285,0.08829,0.09692,0.14136,0.08517,-0.10915,0.13589,0.01593,0.12966,0.05090,0.08630,0.17270,-0.02127,-0.14062,-0.04017,-0.02090,-0.04089,-0.02636,-0.15923,0.14221,0.24862,-0.13260,-0.10009,0.03799,0.19850,-0.00649,-0.13551,-0.03146,0.12636,0.01616,0.11755,0.00934,-0.05261,0.00990,-0.02317
0.01627,-0.00479,0.00466,0.10357,-0.17106,-0.08103,0.02882,-0.12540,0.00200,-0.00968,0.05765,0.14388,-0.04836,0.05688,0.18060,-0.04934,-0.01453,-0.00509,-0.03155,0.16234,0.21506,0.06100,-0.08851,0.10104,-0.10679,0.14414,0.20437,0.00820,-0.00562,-0.09697,-0.01622,-0.01522,0.04146,-0.02422,-0.02507,-0.02714,0.08409,-0.07486,0.22960,0.09635,-0.03540,0.03349,-0.17095,-0.06803,0.14963,-0.06685,0.12541,-0.01770,-0.04028,-0.10083
0.02738,-0.07059,0.04733,-0.05105,-0.16827,0.09003,0.12272,-0.00561,0.04014,-0.11023,0.00595,0.00681,-0.01612,-0.03267,0.11219,-0.04871,0.03779,-0.02776,0.11105,0.03011,-0.11280,0.00393,0.04524,0.05351,0.03684,0.07828,0.01633,-0.12354,-0.02670,0.01823,-0.01718,0.17758,-0.09450,0.00654,-0.06464,-0.01528,0.02229,0.02778,-0.03054,-0.09913,0.13590,0.13380,0.06587,-0.03064,0.00855,0.10355,0.09907,-0.06061,-0.16642,-0.00556
-0.10370,0.18078,-0.19241,0.11868,0.01249,0.05000,-0.15503,0.05680,0.04501,-0.01118,-0.19139,-0.08895,-0.02429,-0.10290,-0.02993,-0.12641,-0.00418,0.07345,0.16998,0.10249,-0.06545,-0.10349,0.12971,0.03219,-0.11064,0.08508,-0.19111,0.13907,0.08943,0.04818,0.14160,-0.07849,-0.01388,-0.02891,-0.05032,0.03568,0.01840,0.13840,0.02182,-0.02714,0.05774,0.09591,-0.12082,-0.08041,-0.04388,0.10014,0.05418,0.13922,-0.11530,0.11341
0.10082,0.00777,-0.04681,0.02398,0.09402,-0.02953,-0.14051,-0.14718,0.05764,-0.02926,-0.11079,0.08268,0.01814,-0.08940,0.00039,-0.02886,-0.06428,0.09745,-0.03682,-0.03989,-0.13774,0.06943,-0.03569,0.07302,0.08069,0.04559,-0.20667,0.06390,-0.02649,0.22319,0.09490,-0.04058,0.07203,0.05333,-0.06845,0.07218,-0.15324,0.15471,0.03408,-0.03290,0.03457,-0.03381,0.09235,0.19317,-0.17892,0.12600,0.08389,-0.01716,-0.05044,0.11492
-0.01892,0.38862,-0.05099,0.06364,-0.14715,0.27096,0.00245,-0.05372,-0.18778,-0.04424,-0.04325,0.03851,-0.15375,0.07020,0.09283,-0.20525,-0.01320,0.05645,0.02661,0.03256,-0.18694,0.00015,-0.02860,-0.03847,-0.34089,-0.08665,-0.05451,0.05409,0.06952,-0.19860,-0.16912,-0.07826,0.11091,0.07817,0.26025,0.00486,0.21616,0.23582,0.02391,0.14859,0.33809,0.01331,-0.03715,-0.18231,-0.06705,0.01814,0.28395,-0.07887,-0.02711,0.14007
0.10688,0.01531,0.07646,-0.04551,-0.10595,-0.02502,0.21189,-0.00600,0.12717,-0.18994,0.09737,0.01886,0.12107,-0.15865,-0.05537,-0.03052,-0.00694,0.03371,0.10148,-0.22695,-0.03308,-0.09224,-0.09437,-0.09060,0.00712,-0.17268,0.02905,-0.03884,0.20544,-0.04252,0.04995,-0.02440,-0.00804,-0.05574,-0.02521,-0.06051,-0.08360,0.23970,0.02225,0.01448,0.08082,0.08534,-0.08925,-0.02470,0.03213,0.13768,0.11258,-0.09980,-0.09383,-0.05135
0.22374,0.03055,-0.07310,-0.07798,0.00216,-0.06916,-0.03632,-0.03154,-0.22955,0.12603,-0.10763,-0.03590,0.07821,0.06661,0.09145,-0.04158,-0.08931,-0.01375,-0.18314,-0.06676,0.19797,-0.12071,0.15974,-0.06452,0.10475,0.08146,0.18119,0.05804,0.11418,0.17794,0.06844,-0.03388,0.07279,0.13509,0.08711,0.04655,0.10848,0.02010,0.17161,-0.05112,-0.18081,0.13899,-0.06864,-0.22521,0.02428,-0.19708,-0.30158,0.02450,-0.05970,-0.15765
-0.03744,-0.01553,-0.26854,0.10827,0.20305,0.03777,-0.16919,-0.13080,-0.01312,0.03368,-0.04940,0.05253,0.01817,-0.03993,0.02988,-0.11838,0.08124,-0.02846,0.01581,0.12089,-0.04631,0.12521,0.00101,-0.04443,-0.01227,0.19723,-0.01703,-0.04345,-0.12990,-0.00565,0.02503,-0.02890,0.14862,-0.05337,0.12563,-0.00449,-0.05395,0.10110,0.16497,0.18854,0.00166,-0.10125,-0.03371,0.19758,-0.02455,-0.03311,0.18270,-0.08160,0.09924,0.07516
-0.18349,-0.08059,0.01266,0.14977,0.00042,0.01887,-0.21019,0.02827,-0.19538,-0.05000,-0.16803,-0.16862,-0.05599,-0.02147,-0.00305,0.09713,-0.00624,-0.09017,-0.12692,0.03294,-0.04726,-0.06457,-0.00853,-0.22266,-0.08758,-0.04709,-0.11996,-0.05055,0.01502,0.04717,-0.02904,0.05522,0.13647,0.06289,0.22215,-0.11839,0.03390,0.02618,0.04512,-0.15264,0.14834,0.00619,0.14206,-0.09891,-0.19360,-0.00160,-0.22970,0.08180,0.06456,-0.00768
0.02048,0.04197,0.00729,-0.02268,0.03711,-0.01107,-0.07314,-0.01800,0.09543,-0.08102,0.14540,0.09355,-0.07885,0.06428,-0.08150,-0.00149,0.02281,0.01953,0.18192,-0.04191,0.20518,-0.11767,0.20138,0.15337,0.04169,0.03944,-0.02556,-0.00845,0.01855,0.17784,0.18275,-0.22215,-0.04941,-0.13332,-0.14375,-0.07200,-0.03427,-0.03948,-0.09969,-0.28035,0.04648,0.06695,0.02236,0.01415,0.16739,-0.03831,-0.14242,0.03595,-0.08001,0.08369
-0.21361,0.07399,-0.04895,-0.07496,-0.06719,0.21472,-0.16223,0.07813,-0.08910,-0.09850,-0.12970,0.04591,-0.09095,0.19023,-0.06399,-0.00056,-0.00260,0.00809,0.09170,-0.02324,-0.23962,0.03905,0.14609,0.07080,-0.13069,0.01270,-0.22955,0.01313,-0.12818,0.12532,0.01063,-0.08520,-0.04751,-0.08175,0.02642,0.11689,-0.02479,0.10490,-0.11623,-0.20743,0.18487,0.07589,0.06669,0.00195,0.13824,0.10915,0.01224,0.04546,-0.01879,0.06810
0.12358,-0.10493,-0.05756,-0.05518,0.06400,-0.04240,-0.12298,0.05721,0.06753,0.09035,0.00107,-0.06371,0.16221,-0.08950,-0.02937,-0.14289,0.08653,0.12707,-0.06587,-0.09297,0.07710,0.04017,-0.07674,0.08676,0.15876,0.20621,0.09089,-0.15204,0.02511,0.21149,0.06724,0.00656,-0.09577,0.06250,-0.05210,-0.01854,-0.07207,0.00038,0.01357,0.03575,-0.12942,0.12737,-0.04204,-0.06406,-0.09016,-0.05366,-0.25958,-0.04848,-0.03770,-0.21882
-0.04984,0.05166,-0.05920,-0.02726,0.05144,0.01535,0.02583,-0.16409,-0.04590,0.06498,0.04813,-0.17322,0.01774,0.03253,0.01291,0.19254,0.06945,-0.17953,-0.00506,0.08605,0.05892,0.02792,0.13568,-0.11805,-0.17275,0.06829,-0.02566,0.00505,-0.11564,0.03674,-0.15838,0.15808,-0.05865,-0.01064,-0.15638,-0.02935,0.04409,-0.11509,-0.09231,-0.08122,-0.06347,-0.24637,0.06072,-0.02288,0.14823,0.04632,0.14925,-0.02580,-0.09186,0.13449
0.00187,0.02009,0.07862,0.08805,-0.09512,-0.04923,0.22095,0.06402,-0.06579,-0.16091,0.05481,-0.19366,-0.04230,0.08416,0.09367,-0.03925,-0.04944,-0.16939,-0.05615,0.00087,0.03991,-0.08933,0.02692,-0.03563,-0.15222,-0.12030,0.03148,0.16250,-0.01796,-0.19869,-0.10780,-0.02585,-0.18946,-0.06951,0.18128,0.11404,0.00606,-0.18020,0.00538,0.03905,0.20390,0.02769,0.12684,-0.02543,0.16607,-0.05904,0.18808,-0.03253,-0.02556,-0.06880
0.02731,-0.02078,-0.13246,0.00531,0.04585,-0.03301,-0.00412,-0.05804,0.11501,-0.05212,0.10138,-0.10391,-0.04278,-0.09943,0.03015,-0.07029,0.03348,0.03245,0.07216,0.02669,0.00961,-0.14953,0.12170,0.06684,-0.09772,0.02224,-0.30469,-0.01996,0.05663,-0.01139,-0.04371,-0.12757,-0.07202,0.03617,-0.10170,-0.12197,0.11835,0.02188,-0.21917,0.02598,0.08099,-0.06570,0.09049,-0.05789,0.00021,-0.01138,0.37004,-0.03496,-0.03069,0.16330
-0.16593,-0.19943,0.06432,0.03937,0.07479,-0.05067,-0.20824,-0.06680,0.09800,0.02325,-0.14335,-0.00171,-0.05794,0.10121,-0.00893,0.09506,-0.04854,0.12874,-0.06580,-0.05139,-0.06827,0.08170,-0.04884,-0.21963,0.13274,0.07105,0.07302,-0.22000,-0.25828,0.15969,-0.02466,0.16996,0.02282,0.30736,0.03901,0.19340,-0.01395,-0.09838,0.03005,-0.24101,-0.12467,-0.00196,0.20473,0.09599,-0.10997,0.07938,-0.34094,0.15525,0.12990,0.14720
-0.07033,0.03647,0.18620,0.04479,-0.04876,-0.06860,-0.10284,0.15666,0.17149,-0.12817,0.02723,0.01919,0.08762,-0.34651,-0.12174,0.17903,0.04383,-0.09239,0.00834,-0.03617,0.00486,-0.03279,-0.03007,-0.14603,0.06003,-0.13100,-0.15130,0.02234,-0.03406,-0.00079,0.05408,0.22975,-0.15219,0.14965,-0.04453,0.05425,-0.13528,-0.08449,0.00792,0.08456,0.16457,-0.06954,0.18807,-0.06944,-0.11158,0.00122,-0.04761,0.02946,0.12025,-0.09988
-0.07557,-0.04774,0.01163,0.13439,-0.10334,-0.16885,0.05758,-0.00820,-0.17795,-0.01056,-0.05980,-0.01860,-0.06942,0.02241,0.04819,0.07736,0.07690,0.01619,-0.18383,0.04645,0.01204,0.09006,-0.02785,-0.07307,0.10905,0.04738,0.26342,-0.04942,-0.11118,0.04709,0.05617,0.06004,0.19410,-0.02086,0.16666,-0.14413,0.02926,-0.03329,0.19058,-0.11363,0.00356,0.03274,0.06779,-0.03387,-0.14153,-0.15592,-0.06279,-0.06591,-0.12249,0.06161
-0.04889,0.08165,-0.01283,0.16115,0.04852,0.05274,-0.12149,0.13581,0.01363,-0.04362,0.03941,0.11655,0.06419,-0.03887,-0.07289,0.18939,-0.03612,0.04451,0.22984,-0.04263,-0.22185,0.09709,0.01864,0.00872,-0.07001,0.01486,-0.29053,-0.03323,-0.13657,0.06625,0.07803,0.20503,-0.14021,0.15976,-0.03227,0.02300,0.05217,-0.03322,-0.11395,0.11351,0.23703,-0.03091,0.20842,-0.06340,0.04749,0.10429,0.20639,-0.04299,0.02699,0.26934
0.08263,0.13416,0.05750,0.06993,-0.01915,-0.01679,0.14965,0.02721,0.11239,0.01357,-0.02580,-0.03192,-0.01216,-0.09079,-0.01141,-0.04050,-0.18948,-0.04529,0.03399,-0.18688,-0.03786,-0.04964,-0.11005,0.07240,-0.15923,-0.12581,-0.01442,0.07575,0.15674,-0.01601,-0.02763,0.00146,0.08408,0.12029,-0.00399,-0.04126,-0.07203,0.01596,0.04808,0.05608,0.10295,0.10429,-0.14987,-0.04948,-0.08975,-0.00072,0.00473,0.04220,-0.03960,0.13044
-0.01369,0.01671,-0.06283,-0.10840,0.07461,0.17101,-0.04682,0.04882,0.09450,0.01044,-0.12062,0.01327,-0.08417,0.10513,-0.02865,-0.01843,-0.06759,-0.19497,0.09728,-0.00914,-0.13350,0.09409,0.14703,0.06133,0.06361,0.01586,0.08308,0.04104,0.01983,0.19649,0.05187,-0.00092,-0.03120,-0.08524,0.01314,0.08083,-0.16299,0.07561,-0.05308,0.09434,-0.02411,0.04385,0.02193,-0.00755,0.11273,0.08190,-0.14768,-0.06179,-0.03330,-0.10695
0.03526,0.01771,0.09879,-0.09371,-0.16371,-0.12166,0.15586,0.03044,0.32200,-0.12443,0.10984,-0.10553,0.04083,-0.08392,-0.03521,-0.09655,-0.05755,-0.07706,0.02319,-0.05699,0.14359,-0.21534,-0.11271,0.00706,0.08740,-0.08525,0.00552,-0.18114,0.07874,-0.15220,-0.11953,0.03117,-0.10989,0.26251,0.16091,-0.15673,0.16188,0.05061,-0.05304,0.16098,0.07767,0.03978,0.03559,0.08899,0.00374,0.13097,0.03064,0.05269,0.03353,-0.25187
-0.02074,-0.07062,0.05952,-0.00429,-0.05964,-0.08366,-0.01944,-0.00776,-0.03876,0.04796,-0.01526,-0.03438,-0.00938,-0.03226,-0.12092,0.15343,-0.07152,0.04002,0.02612,-0.20640,-0.07885,0.01130,-0.19799,-0.01558,-0.18473,-0.11677,-0.00568,-0.04795,-0.07500,-0.16606,-0.01930,0.03434,-0.02933,0.11692,0.03008,-0.13773,-0.21527,0.04496,0.14673,0.16528,0.09186,-0.10206,0.06865,0.13980,0.02517,0.06019,-0.01559,0.05080,0.24775,0.15909
-0.11998,-0.06963,0.01877,0.11729,-0.10899,0.02744,0.02543,0.08931,0.05409,-0.16243,0.00755,0.05946,-0.12129,-0.03117,-0.01576,-0.01249,0.07283,0.01768,-0.05881,0.17869,-0.14863,0.01691,-0.02403,0.04517,-0.08761,0.02777,0.05925,0.08389,0.07322,-0.08808,-0.02850,-0.08958,-0.11844,-0.13131,-0.05131,-0.07790,0.02394,0.07680,-0.09203,-0.10765,-0.03545,0.04694,-0.14847,-0.03030,-0.01125,0.06436,-0.02329,0.12737,-0.04045,-0.11035
-0.09305,0.13920,0.21858,-0.09580,-0.17483,-0.24777,0.42451,-0.01740,0.16216,-0.02680,0.16228,-0.00948,0.04340,-0.02577,-0.08370,0.42440,0.07937,-0.04345,0.10768,-0.12399,-0.11559,0.13185,-0.02628,-0.01623,-0.02030,-0.21806,0.17032,0.19929,0.06507,-0.17238,-0.02663,0.37608,-0.05169,-0.00130,-0.04623,-0.05339,-0.05595,-0.18043,0.08283,0.06373,0.09427,-0.09651,0.00189,0.09841,0.11871,-0.02909,0.08127,0.07228,0.13395,0.16215
0.03247,0.04038,0.18547,-0.01307,-0.12254,0.12317,-0.03254,-0.22840,-0.03410,0.11362,0.12593,-0.01426,-0.08440,-0.07071,0.08743,0.21513,-0.09648,-0.06522,-0.00163,0.00474,0.04683,-0.05321,-0.05029,-0.03669,-0.18451,-0.10766,-0.07894,-0.13140,-0.07195,-0.11630,-0.09877,0.07630,0.16135,0.10471,-0.06331,-0.16169,0.05290,0.00946,-0.01648,-0.13708,-0.01976,-0.16205,0.02862,-0.01644,0.10031,0.09149,0.14329,-0.12385,0.07529,0.20916
-0.08725,-0.06727,0.04501,-0.24494,-0.05448,0.05970,0.13649,-0.11366,-0.06674,0.04318,-0.08102,-0.06245,-0.10765,0.17382,0.07501,-0.04277,0.12335,-0.10462,-0.18022,0.08071,-0.06865,0.17847,0.05312,0.04267,-0.07404,0.02303,0.05742,0.07901,-0.18467,-0.02927,-0.24747,-0.04029,-0.14817,-0.11698,-0.09554,0.30523,0.15583,-0.02644,-0.06284,-0.05917,-0.14329,-0.14979,-0.14554,0.03547,0.02217,-0.14435,0.03525,0.09052,-0.07859,-0.07653
-0.14236,-0.06524,0.08218,-0.01268,-0.14257,-0.04821,-0.02248,0.09511,-0.10497,-0.03201,0.05146,-0.05030,-0.10604,0.10538,-0.22408,-0.01520,0.09637,0.03739,0.02058,0.05092,-0.00596,-0.03958,-0.12976,0.01048,-0.16388,-0.09443,-0.06436,0.10667,-0.08408,-0.13955,-0.01575,-0.07449,-0.13639,-0.04447,0.12477,0.10251,-0.01181,-0.10861,-0.05340,0.04417,0.15099,-0.00227,0.02425,0.05486,0.01029,-0.10396,0.01367,0.11929,0.05656,-0.11684
-0.14138,-0.20327,0.13180,-0.26893,-0.03884,-0.10787,0.05732,-0.11613,0.12544,-0.17970,0.25747,-0.03793,0.07400,0.15337,-0.09607,0.28754,-0.01865,-0.06286,-0.02970,0.03009,0.02387,-0.01269,-0.03471,-0.08404,0.13701,-0.31122,0.05240,-0.08806,-0.28622,-0.21039,-0.14005,0.04298,-0.18320,0.03214,-0.17234,-0.00325,-0.09178,-0.15585,-0.32434,-0.18649,0.08457,-0.07699,0.17190,0.18505,0.11380,0.08937,0.08487,-0.15109,0.12205,-0.01280
0.06583,-0.03144,0.05408,0.03902,-0.04429,0.05664,0.02564,-0.03262,0.02482,0.00836,0.02015,0.11531,-0.08096,-0.09750,0.18838,0.06708,-0.06663,0.05445,-0.00664,-0.04162,-0.13152,0.02194,-0.04131,0.04092,0.06831,-0.04069,0.00672,-0.03757,0.05954,-0.00883,0.17675,0.18216,0.17117,-0.02003,0.03392,0.03561,-0.03190,0.13307,0.07854,0.16260,-0.05315,0.07873,-0.03043,-0.05238,-0.05334,0.09767,0.08703,0.03907,0.03057,0.08470
0.00125,-0.12750,-0.23742,0.02961,0.02795,-0.04527,-0.25809,0.00985,-0.19294,0.02008,-0.01603,0.09370,-0.06105,-0.13344,-0.00565,-0.04942,0.08313,0.09736,0.07559,-0.07917,-0.30988,-0.03889,0.06897,0.13156,-0.14643,0.23084,-0.13350,-0.01787,-0.00394,0.10918,0.07035,-0.11834,0.06079,0.01424,0.01345,0.10434,-0.14202,0.27062,0.01916,0.04513,-0.12497,-0.09935,-0.04838,0.00627,-0.06554,0.09786,0.01721,0.02742,0.20061,0.16251
0.02936,-0.12264,-0.01446,0.05460,0.01649,-0.02700,-0.05074,-0.18385,-0.22413,0.12416,-0.14770,0.01085,-0.12352,0.13458,0.05812,-0.11850,-0.05562,0.00188,-0.12940,0.28937,0.00496,0.04784,-0.04908,-0.10652,-0.02956,-0.05496,-0.04345,0.13346,-0.06507,-0.14106,-0.09746,-0.19498,0.14155,-0.09284,0.01574,0.11432,0.02647,-0.04059,0.09681,-0.13383,-0.12251,-0.11537,-0.00286,0.08240,-0.15904,0.00101,0.13720,0.03877,-0.09790,-0.01974
-0.15756,0.06458,-0.00143,-0.05664,-0.07044,0.15390,0.07447,-0.05898,0.00699,0.06657,-0.05197,-0.09491,-0.01335,0.12859,0.17004,0.09933,-0.10135,-0.07110,0.07968,0.10335,-0.22474,0.13181,0.01036,0.17317,-0.26452,0.08067,-0.21322,-0.03208,-0.05100,-0.11374,-0.19242,0.08999,-0.08700,0.04207,-0.17705,0.01332,0.21868,-0.01573,-0.16421,-0.08085,-0.16234,-0.16153,-0.20084,-0.15062,0.10292,0.38838,0.21594,0.11312,-0.13688,0.18446
0.11636,0.12554,0.00675,0.04822,0.09393,-0.07598,-0.01749,-0.03664,0.14936,-0.00785,0.15445,0.01584,0.13675,-0.06592,0.04479,0.00187,-0.04365,0.21632,0.03261,-0.17815,-0.01374,-0.01039,0.02977,0.14139,0.01773,0.11485,0.01455,-0.06900,-0.01521,0.08214,0.06156,0.04370,-0.01174,-0.00573,-0.03870,0.03158,-0.09993,-0.07775,-0.04995,-0.09836,-0.03491,0.08206,0.07817,0.10636,0.12182,0.09883,0.12359,-0.08820,-0.04853,0.15771
-0.07603,0.15108,0.04141,-0.00851,-0.08345,0.09773,0.02791,0.07514,0.26483,-0.04304,0.12298,-0.06452,-0.03544,0.12054,0.01764,0.07384,-0.08386,0.02358,-0.05266,0.08798,0.16189,0.07939,0.09386,0.03616,-0.03513,0.03294,0.06298,-0.06872,0.03047,-0.08326,-0.10666,0.06023,-0.05965,0.02977,-0.07058,0.00406,-0.00510,-0.28998,-0.00971,0.05723,-0.05307,-0.25797,-0.02096,-0.07939,0.09950,0.03449,-0.01709,0.08123,-0.14705,-0.04092
0.12098,0.01869,0.12582,0.06010,-0.14523,-0.00527,0.03726,0.05802,0.03209,-0.04079,0.14638,-0.04993,0.05182,-0.32910,-0.11419,0.16038,0.06291,-0.03286,0.08940,-0.08652,0.08266,-0.15078,0.16609,-0.15057,-0.08036,-0.05846,-0.00000,0.06576,0.08484,0.01185,0.10900,0.05331,-0.13373,0.01849,0.01212,0.04934,-0.11082,-0.06267,0.03851,-0.10634,0.14136,-0.08699,0.06738,-0.16607,0.01317,-0.21912,-0.08641,-0.13297,-0.07145,0.11175
0.02727,-0.01112,0.04639,0.05120,-0.01062,-0.06695,0.14850,0.02154,-0.12153,-0.04885,-0.04344,0.07524,-0.02817,-0.07303,-0.03556,-0.01810,0.09667,-0.13408,-0.02894,-0.03844,0.00036,0.04031,-0.05345,-0.00372,0.00972,-0.10154,0.00973,0.13852,0.06247,0.02801,0.11204,-0.15371,-0.08291,-0.21256,-0.13156,-0.23262,-0.02365,0.08735,-0.00446,-0.12514,0.03544,0.19878,-0.02914,-0.01983,0.08043,-0.03908,0.06709,-0.02871,-0.02459,-0.06454
-0.04531,0.19285,0.09140,0.00714,-0.21899,0.00011,0.12962,0.13567,0.21902,-0.08946,0.15537,0.02157,0.02099,-0.07631,0.04409,0.19679,-0.04618,-0.02312,0.28330,-0.13080,-0.00928,-0.00687,-0.01897,0.10349,-0.06204,-0.09701,0.01217,0.06929,0.24647,-0.12779,0.05020,0.12649,-0.03557,0.01882,-0.15098,0.05243,-0.04694,-0.07918,0.05576,0.21905,0.18534,-0.04258,-0.06439,-0.29800,0.12479,0.08947,0.01994,0.05850,-0.02809,0.04700
0.06358,0.02587,-0.04612,-0.04766,0.07363,0.04624,0.17390,-0.04783,0.02901,-0.15178,0.12450,-0.05385,0.04787,0.25350,0.07051,-0.09545,-0.10894,-0.13850,0.00560,0.13545,-0.19135,0.02415,0.09653,0.05334,-0.03776,0.16799,-0.01218,-0.18973,0.04828,0.01826,-0.16772,-0.09729,-0.10993,-0.15578,-0.07600,-0.07994,0.17526,-0.13306,-0.30285,-0.03423,0.00898,-0.00940,0.06229,0.02771,0.16110,0.13212,0.12665,-0.02536,-0.32839,0.06505
0.08520,-0.39118,0.00509,0.04863,0.04438,-0.08924,-0.08609,-0.16319,-0.09360,-0.02288,-0.04084,-0.06326,-0.00520,-0.00347,0.04748,-0.00224,-0.08463,-0.21734,-0.02834,-0.04957,0.07880,0.00006,0.01466,0.16533,-0.01337,0.24599,0.04262,-0.07696,-0.04057,0.30375,0.13472,-0.04483,0.09146,-0.16291,0.05064,-0.14444,-0.07497,-0.04938,0.13007,-0.14513,-0.08162,0.19325,-0.06585,0.07408,0.13596,-0.07840,-0.29430,-0.07457,0.05204,-0.06489
0.05814,0.08048,-0.09718,-0.02260,0.08839,-0.17997,-0.03166,-0.01718,-0.01417,-0.06997,-0.11510,-0.10096,-0.06689,-0.05976,0.01002,-0.09215,0.03448,-0.06181,0.05299,-0.19507,-0.10470,-0.12978,0.07562,0.10577,-0.04432,-0.04838,0.13563,0.08543,0.12855,0.03756,0.04548,-0.13264,0.02973,-0.11512,0.12625,0.08339,-0.22281,0.10594,0.14929,0.20560,0.09416,0.09681,0.03963,-0.01880,0.13405,-0.12398,0.06298,-0.08612,-0.05581,-0.06308
0.23323,-0.08821,0.35069,0.11332,-0.11910,-0.08773,-0.01996,0.04960,0.19893,0.06508,0.22190,-0.14806,0.00510,-0.24485,-0.05295,0.21714,-0.28657,-0.07584,-0.00210,-0.19274,0.40004,-0.40061,0.06743,-0.13721,-0.13329,-0.20861,0.14459,-0.20473,0.17122,-0.05534,0.02265,0.01046,-0.04019,0.21649,-0.02989,-0.09613,-0.13065,-0.32605,0.02061,-0.13714,0.05684,0.02590,0.09315,-0.31020,0.16263,-0.21243,-0.32011,-0.04303,-0.16147,-0.04031
0.02508,0.02433,-0.03509,0.09518,-0.03543,0.12159,0.06390,0.00996,0.17603,0.14560,-0.04790,-0.21949,0.11699,0.04717,0.09624,0.11692,0.05142,-0.03052,0.00059,-0.05295,0.06501,0.02493,0.14659,0.02482,0.02875,0.03922,-0.09146,0.09149,0.07297,0.03011,0.05170,0.11926,-0.04546,0.07535,0.01720,0.13925,0.13075,0.01775,-0.11478,0.06887,0.12041,-0.10578,0.05592,-0.13490,0.04817,-0.17786,0.13392,0.02753,-0.17754,0.03456
0.26773,0.00158,0.16193,0.01783,-0.08973,0.13527,-0.12399,0.07945,-0.02790,0.05968,-0.00914,0.25205,0.16143,-0.39818,-0.14358,-0.03408,0.02359,0.02331,-0.03380,-0.05747,0.14398,-0.11089,-0.14969,-0.23611,0.10129,-0.30748,-0.17734,0.17242,0.09649,0.09012,0.16396,-0.03187,0.12483,0.04983,-0.05769,-0.01385,-0.04707,0.24171,0.08562,0.17676,0.20501,0.07857,0.04250,-0.09782,-0.28510,-0.36338,-0.00562,-0.12312,0.24956,-0.19582
